threshold,n_users,n_items,n_train,n_test,density
3.0,101,4001,66382,16545,0.205214
3.5,101,4001,53121,13237,0.164211
4.0,101,3983,39776,9894,0.12347
4.5,101,3709,25727,6382,0.085713
