threshold,n_seeds,recall_mean,recall_std,ndcg_mean,ndcg_std,precision_mean,precision_std
3.0,3,0.005854,0.000378,0.045819,0.003575,0.04802,0.003234
3.5,3,0.006141,0.000813,0.041775,0.005798,0.040264,0.005517
4.0,3,0.006055,0.000502,0.029756,0.001477,0.029538,0.002298
4.5,3,0.005872,0.00064,0.017951,0.001962,0.018317,0.002021
